{" ": 1, "(": 8, ",": 11, "0": 15, "4": 19, "8": 23, "D": 32, "H": 36, "L": 40, "P": 44, "T": 48, "X": 52, "\\": 55, "d": 62, "h": 66, "l": 70, "p": 74, "t": 78, "x": 82, "|": 85, "#": 4, "'": 7, "+": 10, "/": 14, "3": 18, "7": 22, "?": 28, "C": 31, "G": 35, "K": 39, "O": 43, "S": 47, "W": 51, "[": 54, "_": 58, "c": 61, "g": 65, "k": 69, "o": 73, "s": 77, "w": 81, "\n": 0, "\"": 3, "&": 6, ".": 13, "2": 17, "6": 21, ":": 25, ">": 27, "B": 30, "F": 34, "J": 38, "N": 42, "R": 46, "V": 50, "^": 57, "b": 60, "f": 64, "j": 68, "n": 72, "r": 76, "v": 80, "z": 84, "~": 86, "!": 2, "%": 5, ")": 9, "-": 12, "1": 16, "5": 20, "9": 24, "=": 26, "A": 29, "E": 33, "I": 37, "M": 41, "Q": 45, "U": 49, "Y": 53, "]": 56, "a": 59, "e": 63, "i": 67, "m": 71, "q": 75, "u": 79, "y": 83}